Id,ActivityDay,TotalSteps,TotalDistance,Calories,StepTotal,TotalTimeInBed
1503960366,04-12-16,13162,8.5,1985,13162,346
1503960366,4/13/2016,10735,6.96999979,1797,10735,407
1503960366,4/14/2016,10460,6.739999771,1776,10460,442
1503960366,4/15/2016,9762,6.28000021,1745,9762,367
1503960366,4/16/2016,12669,8.159999847,1863,12669,712
1503960366,4/17/2016,9705,6.480000019,1728,9705,320
1503960366,4/18/2016,13019,8.590000153,1921,13019,377
1503960366,4/19/2016,15506,9.880000114,2035,15506,364
1503960366,4/20/2016,10544,6.679999828,1786,10544,384
1503960366,4/21/2016,9819,6.340000153,1775,9819,449
1503960366,4/22/2016,12764,8.130000114,1827,12764,323
1503960366,4/23/2016,14371,9.039999962,1949,14371,274
1503960366,4/24/2016,10039,6.409999847,1788,10039,393
1503960366,4/25/2016,15355,9.800000191,2013,15355,354
1503960366,4/26/2016,13755,8.789999962,1970,13755,425
1503960366,4/27/2016,18134,12.21000004,2159,18134,396
1503960366,4/28/2016,13154,8.529999733,1898,13154,309
1503960366,4/29/2016,11181,7.150000095,1837,11181,296
1503960366,4/30/2016,14673,9.25,1947,14673,264
1503960366,05-01-16,10602,6.809999943,1820,10602,367
1503960366,05-02-16,14727,9.710000038,2004,14727,349
1503960366,05-03-16,15103,9.659999847,1990,15103,611
1503960366,05-04-16,11100,7.150000095,1819,11100,342
1503960366,05-05-16,14070,8.899999619,1959,14070,403
1503960366,05-06-16,12159,8.029999733,1896,12159,306
1503960366,05-07-16,11992,7.710000038,1821,11992,127
1503960366,05-08-16,10060,6.579999924,1740,10060,142
1503960366,05-09-16,12022,7.71999979,1819,12022,961
1503960366,05-10-16,12207,7.769999981,1859,12207,154
1503960366,05-11-16,12770,8.130000114,1783,12770,961
1503960366,05-12-16,0,0,0,0,961
1624580081,04-12-16,8163,5.309999943,1432,8163,961
1624580081,4/13/2016,7007,4.550000191,1411,7007,775
1624580081,4/14/2016,9107,5.920000076,1572,9107,422
1624580081,4/15/2016,1510,0.980000019,1344,1510,499
1624580081,4/16/2016,5370,3.49000001,1463,5370,315
1624580081,4/17/2016,6175,4.059999943,1554,6175,178
1624580081,4/18/2016,10536,7.409999847,1604,10536,546
1624580081,4/19/2016,2916,1.899999976,1435,2916,565
1624580081,4/20/2016,4974,3.230000019,1446,4974,568
1624580081,4/21/2016,6349,4.130000114,1467,6349,573
1624580081,4/22/2016,4026,2.619999886,1470,4026,567
1624580081,4/23/2016,8538,5.550000191,1562,8538,498
1624580081,4/24/2016,6076,3.950000048,1617,6076,540
1624580081,4/25/2016,6497,4.21999979,1492,6497,510
1624580081,4/26/2016,2826,1.840000033,1402,2826,514
1624580081,4/27/2016,8367,5.440000057,1670,8367,545
1624580081,4/28/2016,2759,1.789999962,1401,2759,554
1624580081,4/29/2016,2390,1.549999952,1404,2390,591
1624580081,4/30/2016,6474,4.300000191,1655,6474,531
1624580081,05-01-16,36019,28.03000069,2690,36019,545
1624580081,05-02-16,7155,4.929999828,1497,7155,545
1624580081,05-03-16,2100,1.370000005,1334,2100,510
1624580081,05-04-16,2193,1.429999948,1368,2193,607
1624580081,05-05-16,2470,1.610000014,1370,2470,546
1624580081,05-06-16,1727,1.120000005,1341,1727,543
1624580081,05-07-16,2104,1.370000005,1474,2104,560
1624580081,05-08-16,3427,2.230000019,1427,3427,485
1624580081,05-09-16,1732,1.129999995,1328,1732,548
1624580081,05-10-16,2969,1.929999948,1393,2969,521
1624580081,05-11-16,3134,2.039999962,1359,3134,568
1624580081,05-12-16,2971,1.929999948,1002,2971,556
1644430081,04-12-16,10694,7.769999981,3199,10694,380
1644430081,4/13/2016,8001,5.820000172,2902,8001,553
1644430081,4/14/2016,11037,8.020000458,3226,11037,485
1644430081,4/15/2016,5263,3.829999924,2750,5263,69
1644430081,4/16/2016,15300,11.11999989,3493,15300,531
1644430081,4/17/2016,8757,6.369999886,3011,8757,489
1644430081,4/18/2016,7132,5.190000057,2806,7132,504
1644430081,4/19/2016,11256,8.180000305,3300,11256,602
1644430081,4/20/2016,2436,1.769999981,2430,2436,557
1644430081,4/21/2016,1223,0.889999986,2140,1223,514
1644430081,4/22/2016,3673,2.670000076,2344,3673,484
1644430081,4/23/2016,6637,4.829999924,2677,6637,461
1644430081,4/24/2016,3321,2.410000086,2413,3321,386
1644430081,4/25/2016,3580,2.599999905,2497,3580,459
1644430081,4/26/2016,9919,7.210000038,3123,9919,471
1644430081,4/27/2016,3032,2.200000048,2489,3032,490
1644430081,4/28/2016,9405,6.840000153,3108,9405,499
1644430081,4/29/2016,3176,2.309999943,2498,3176,450
1644430081,4/30/2016,18213,13.23999977,3846,18213,473
1644430081,05-01-16,6132,4.460000038,2696,6132,469
1644430081,05-02-16,3758,2.730000019,2580,3758,456
1644430081,05-03-16,12850,9.340000153,3324,12850,397
1644430081,05-04-16,2309,1.679999948,2222,2309,556
1644430081,05-05-16,4363,3.190000057,2463,4363,510
1644430081,05-06-16,9787,7.119999886,3328,9787,566
1644430081,05-07-16,13372,9.720000267,3404,13372,522
1644430081,05-08-16,6724,4.889999866,2987,6724,395
1644430081,05-09-16,6643,4.829999924,3008,6643,305
1644430081,05-10-16,9167,6.659999847,2799,9167,512
1644430081,05-11-16,1329,0.970000029,1276,1329,476
1844505072,04-12-16,6697,4.429999828,2030,6697,372
1844505072,4/13/2016,4929,3.25999999,1860,4929,526
1844505072,4/14/2016,7937,5.25,2130,7937,467
1844505072,4/15/2016,3844,2.539999962,1725,3844,371
1844505072,4/16/2016,3414,2.25999999,1657,3414,540
1844505072,4/17/2016,4525,2.99000001,1793,4525,423
1844505072,4/18/2016,4597,3.039999962,1814,4597,478
1844505072,4/19/2016,197,0.129999995,1366,197,382
1844505072,4/20/2016,8,0.01,1349,8,626
1844505072,4/21/2016,8054,5.320000172,2062,8054,384
1844505072,4/22/2016,5372,3.549999952,1827,5372,500
1844505072,4/23/2016,3570,2.359999895,1645,3570,336
1844505072,4/24/2016,0,0,1347,0,480
1844505072,4/25/2016,0,0,1347,0,512
1844505072,4/26/2016,0,0,1347,0,443
1844505072,4/27/2016,4,0,1348,4,456
1844505072,4/28/2016,6907,4.570000172,1992,6907,452
1844505072,4/29/2016,4920,3.25,1856,4920,541
1844505072,4/30/2016,4014,2.670000076,1763,4014,77
1844505072,05-01-16,2573,1.700000048,1541,2573,332
1844505072,05-02-16,0,0,1348,0,536
1844505072,05-03-16,4059,2.680000067,1742,4059,248
1844505072,05-04-16,2080,1.370000005,1549,2080,408
1844505072,05-05-16,2237,1.480000019,1589,2237,402
1844505072,05-06-16,44,0.029999999,1351,44,494
1844505072,05-07-16,0,0,1347,0,557
1844505072,05-08-16,0,0,1347,0,491
1844505072,05-09-16,0,0,1347,0,522
1844505072,05-10-16,0,0,1347,0,551
1844505072,05-11-16,0,0,1347,0,498
1844505072,05-12-16,0,0,665,0,543
1927972279,04-12-16,678,0.469999999,2220,678,65
1927972279,4/13/2016,356,0.25,2151,356,550
1927972279,4/14/2016,2163,1.5,2383,2163,722
1927972279,4/15/2016,980,0.680000007,2221,980,501
1927972279,4/16/2016,0,0,2064,0,506
1927972279,4/17/2016,0,0,2063,0,516
1927972279,4/18/2016,244,0.170000002,2111,244,307
1927972279,4/19/2016,0,0,2063,0,522
1927972279,4/20/2016,0,0,2063,0,546
1927972279,4/21/2016,0,0,2064,0,516
1927972279,4/22/2016,149,0.100000001,2093,149,500
1927972279,4/23/2016,2945,2.039999962,2499,2945,506
1927972279,4/24/2016,2090,1.450000048,2324,2090,512
1927972279,4/25/2016,152,0.109999999,2100,152,491
1927972279,4/26/2016,3761,2.599999905,2638,3761,530
1927972279,4/27/2016,0,0,2063,0,638
1927972279,4/28/2016,1675,1.159999967,2351,1675,565
1927972279,4/29/2016,0,0,2063,0,517
1927972279,4/30/2016,0,0,2064,0,558
1927972279,05-01-16,2704,1.870000005,2411,2704,321
1927972279,05-02-16,3790,2.619999886,2505,3790,526
1927972279,05-03-16,1326,0.920000017,2195,1326,448
1927972279,05-04-16,1786,1.24000001,2338,1786,641
1927972279,05-05-16,0,0,2063,0,104
1927972279,05-06-16,2091,1.450000048,2383,2091,338
1927972279,05-07-16,1510,1.039999962,2229,1510,451
1927972279,05-08-16,0,0,2063,0,458
1927972279,05-09-16,0,0,2063,0,85
1927972279,05-10-16,0,0,2063,0,501
1927972279,05-11-16,0,0,2063,0,595
1927972279,05-12-16,0,0,1383,0,346
2022484408,04-12-16,11875,8.340000153,2390,11875,500
2022484408,4/13/2016,12024,8.5,2601,12024,458
2022484408,4/14/2016,10690,7.5,2312,10690,430
2022484408,4/15/2016,11034,8.029999733,2525,11034,597
2022484408,4/16/2016,10100,7.090000153,2177,10100,376
2022484408,4/17/2016,15112,11.39999962,2782,15112,414
2022484408,4/18/2016,14131,10.06999969,2770,14131,495
2022484408,4/19/2016,11548,8.529999733,2489,11548,495
2022484408,4/20/2016,15112,10.67000008,2897,15112,496
2022484408,4/21/2016,12453,8.739999771,3158,12453,541
2022484408,4/22/2016,12954,9.329999924,2638,12954,65
2022484408,4/23/2016,6001,4.210000038,2069,6001,375
2022484408,4/24/2016,13481,10.27999973,2529,13481,494
2022484408,4/25/2016,11369,8.010000229,2470,11369,457
2022484408,4/26/2016,10119,7.190000057,2793,10119,406
2022484408,4/27/2016,10159,7.130000114,2463,10159,492
2022484408,4/28/2016,10140,7.119999886,2296,10140,379
2022484408,4/29/2016,10245,7.190000057,2611,10245,499
2022484408,4/30/2016,18387,12.90999985,2732,18387,107
2022484408,05-01-16,10538,7.400000095,2380,10538,424
2022484408,05-02-16,10379,7.289999962,2473,10379,462
2022484408,05-03-16,12183,8.739999771,2752,12183,469
2022484408,05-04-16,11768,8.289999962,2649,11768,417
2022484408,05-05-16,11895,8.350000381,2609,11895,345
2022484408,05-06-16,10227,7.179999828,2498,10227,391
2022484408,05-07-16,6708,4.710000038,1995,6708,374
2022484408,05-08-16,3292,2.309999943,1848,3292,442
2022484408,05-09-16,13379,9.390000343,2709,13379,108
2022484408,05-10-16,12798,8.979999542,2797,12798,353
2022484408,05-11-16,13272,9.319999695,2544,13272,459
2022484408,05-12-16,9117,6.409999847,1853,9117,542
2026352035,04-12-16,4414,2.74000001,1459,4414,450
2026352035,4/13/2016,4993,3.099999905,1521,4993,363
2026352035,4/14/2016,3335,2.069999933,1431,3335,513
2026352035,4/15/2016,3821,2.369999886,1444,3821,402
2026352035,4/16/2016,2547,1.580000043,1373,2547,436
2026352035,4/17/2016,838,0.519999981,1214,838,391
2026352035,4/18/2016,3325,2.059999943,1419,3325,533
2026352035,4/19/2016,2424,1.5,1356,2424,426
2026352035,4/20/2016,7222,4.480000019,1667,7222,530
2026352035,4/21/2016,2467,1.529999971,1370,2467,501
2026352035,4/22/2016,2915,1.809999943,1399,2915,137
2026352035,4/23/2016,12357,7.710000038,1916,12357,121
2026352035,4/24/2016,3490,2.160000086,1401,3490,179
2026352035,4/25/2016,6017,3.730000019,1576,6017,129
2026352035,4/26/2016,5933,3.680000067,1595,5933,134
2026352035,4/27/2016,6088,3.769999981,1593,6088,439
2026352035,4/28/2016,6375,3.950000048,1649,6375,430
2026352035,4/29/2016,7604,4.710000038,1692,7604,415
2026352035,4/30/2016,4729,2.930000067,1506,4729,257
2026352035,05-01-16,3609,2.279999971,1447,3609,406
2026352035,05-02-16,7018,4.349999905,1690,7018,612
2026352035,05-03-16,5992,3.720000029,1604,5992,312
2026352035,05-04-16,6564,4.070000172,1658,6564,487
2026352035,05-05-16,12167,7.539999962,1926,12167,468
2026352035,05-06-16,8198,5.079999924,1736,8198,434
2026352035,05-07-16,4193,2.599999905,1491,4193,475
2026352035,05-08-16,5528,3.450000048,1555,5528,506
2026352035,05-09-16,10685,6.619999886,1869,10685,380
2026352035,05-10-16,254,0.159999996,1141,254,429
2026352035,05-11-16,8580,5.320000172,1698,8580,449
2026352035,05-12-16,8891,5.510000229,1364,8891,461
2320127002,04-12-16,10725,7.489999771,2124,10725,447
2320127002,4/13/2016,7275,4.900000095,2003,7275,501
2320127002,4/14/2016,3973,2.680000067,1696,3973,373
2320127002,4/15/2016,5205,3.50999999,1801,5205,434
2320127002,4/16/2016,5057,3.410000086,1724,5057,428
2320127002,4/17/2016,6198,4.179999828,1852,6198,449
2320127002,4/18/2016,6559,4.420000076,1905,6559,543
2320127002,4/19/2016,5997,4.039999962,1811,5997,543
2320127002,4/20/2016,7192,4.849999905,1922,7192,458
2320127002,4/21/2016,3404,2.289999962,1610,3404,431
2320127002,4/22/2016,5583,3.75999999,1851,5583,366
2320127002,4/23/2016,5079,3.420000076,1804,5079,442
2320127002,4/24/2016,4165,2.809999943,1725,4165,464
2320127002,4/25/2016,3588,2.420000076,1654,3588,488
2320127002,4/26/2016,3409,2.299999952,1632,3409,418
2320127002,4/27/2016,1715,1.159999967,1481,1715,409
2320127002,4/28/2016,1532,1.029999971,1473,1532,686
2320127002,4/29/2016,924,0.620000005,1410,924,402
2320127002,4/30/2016,4571,3.079999924,1779,4571,541
2320127002,05-01-16,772,0.519999981,1403,772,410
2320127002,05-02-16,3634,2.450000048,1613,3634,678
2320127002,05-03-16,7443,5.019999981,1878,7443,431
2320127002,05-04-16,1201,0.810000002,1426,1201,353
2320127002,05-05-16,5202,3.50999999,1780,5202,725
2320127002,05-06-16,4878,3.289999962,1742,4878,640
2320127002,05-07-16,7379,4.96999979,1972,7379,468
2320127002,05-08-16,5161,3.480000019,1821,5161,453
2320127002,05-09-16,3090,2.079999924,1630,3090,391
2320127002,05-10-16,6227,4.199999809,1899,6227,457
2320127002,05-11-16,6424,4.329999924,1903,6424,495
2320127002,05-12-16,2661,1.789999962,1125,2661,843
2347167796,04-12-16,10113,6.829999924,2344,10113,686
2347167796,4/13/2016,10352,7.010000229,2038,10352,471
2347167796,4/14/2016,10129,6.699999809,2010,10129,429
2347167796,4/15/2016,10465,6.920000076,2133,10465,470
2347167796,4/16/2016,22244,15.07999992,2670,22244,464
2347167796,4/17/2016,5472,3.619999886,1882,5472,434
2347167796,4/18/2016,8247,5.449999809,1944,8247,470
2347167796,4/19/2016,6711,4.440000057,2346,6711,608
2347167796,4/20/2016,10999,7.269999981,2198,10999,494
2347167796,4/21/2016,10080,6.75,2048,10080,443
2347167796,4/22/2016,7804,5.159999847,1946,7804,486
2347167796,4/23/2016,16901,11.36999989,2629,16901,475
2347167796,4/24/2016,9471,6.260000229,2187,9471,438
2347167796,4/25/2016,9482,6.380000114,2095,9482,458
2347167796,4/26/2016,5980,3.950000048,1861,5980,497
2347167796,4/27/2016,11423,7.579999924,2194,11423,413
2347167796,4/28/2016,5439,3.599999905,1854,5439,445
2347167796,4/29/2016,42,0.029999999,403,42,583
2873212765,04-12-16,8796,5.909999847,1982,8796,553
2873212765,4/13/2016,7618,5.119999886,2004,7618,465
2873212765,4/14/2016,7910,5.320000172,1893,7910,480
2873212765,4/15/2016,8482,5.699999809,2063,8482,437
2873212765,4/16/2016,9685,6.650000095,2148,9685,366
2873212765,4/17/2016,2524,1.700000048,1529,2524,402
2873212765,4/18/2016,7762,5.239999771,1890,7762,615
2873212765,4/19/2016,7948,5.369999886,1956,7948,461
2873212765,4/20/2016,9202,6.300000191,2094,9202,377
2873212765,4/21/2016,8859,5.980000019,1970,8859,452
2873212765,4/22/2016,7286,4.900000095,2241,7286,372
2873212765,4/23/2016,9317,6.349999905,2021,9317,485
2873212765,4/24/2016,6873,4.679999828,1898,6873,433
2873212765,4/25/2016,7373,4.949999809,1907,7373,398
2873212765,4/26/2016,8242,5.539999962,1882,8242,553
2873212765,4/27/2016,3516,2.359999895,1966,3516,543
2873212765,4/28/2016,7913,5.409999847,1835,7913,634
2873212765,4/29/2016,7365,4.949999809,1780,7365,78
2873212765,4/30/2016,8452,5.679999828,1830,8452,562
2873212765,05-01-16,7399,4.96999979,1739,7399,476
2873212765,05-02-16,7525,5.059999943,1878,7525,398
2873212765,05-03-16,7412,4.980000019,1906,7412,350
2873212765,05-04-16,8278,5.559999943,2015,8278,510
2873212765,05-05-16,8314,5.610000134,1971,8314,492
2873212765,05-06-16,7063,4.75,1910,7063,502
2873212765,05-07-16,4940,3.380000114,1897,4940,550
2873212765,05-08-16,8168,5.539999962,2096,8168,546
2873212765,05-09-16,7726,5.190000057,1906,7726,539
2873212765,05-10-16,8275,5.559999943,1962,8275,367
2873212765,05-11-16,6440,4.329999924,1826,6440,557
2873212765,05-12-16,7566,5.110000134,1431,7566,416
3372868164,04-12-16,4747,3.24000001,1788,4747,636
3372868164,4/13/2016,9715,6.630000114,2093,9715,575
3372868164,4/14/2016,8844,6.03000021,2065,8844,415
3372868164,4/15/2016,7451,5.079999924,1908,7451,698
3372868164,4/16/2016,6905,4.730000019,1908,6905,507
3372868164,4/17/2016,8199,5.880000114,1964,8199,603
3372868164,4/18/2016,6798,4.639999866,2014,6798,522
3372868164,4/19/2016,7711,5.260000229,1985,7711,260
3372868164,4/20/2016,4880,3.329999924,1867,4880,441
3372868164,4/21/2016,8857,6.070000172,2124,8857,406
3372868164,4/22/2016,3843,2.619999886,1669,3843,387
3372868164,4/23/2016,7396,5.070000172,1995,7396,679
3372868164,4/24/2016,6731,4.590000153,1921,6731,535
3372868164,4/25/2016,5995,4.090000153,2010,5995,386
3372868164,4/26/2016,8283,5.789999962,2057,8283,366
3372868164,4/27/2016,7904,5.420000076,2095,7904,446
3372868164,4/28/2016,5512,3.75999999,1972,5512,458
3372868164,4/29/2016,9135,6.230000019,2044,9135,535
3372868164,4/30/2016,5250,3.579999924,1946,5250,424
3372868164,05-01-16,3077,2.099999905,1237,3077,457
3977333714,04-12-16,8856,5.980000019,1450,8856,435
3977333714,4/13/2016,10035,6.710000038,1495,10035,546
3977333714,4/14/2016,7641,5.110000134,1433,7641,514
3977333714,4/15/2016,9010,6.059999943,1468,9010,415
3977333714,4/16/2016,13459,9,1625,13459,446
3977333714,4/17/2016,10415,6.96999979,1529,10415,467
3977333714,4/18/2016,11663,7.800000191,1584,11663,453
3977333714,4/19/2016,12414,8.779999733,1638,12414,447
3977333714,4/20/2016,11658,7.829999924,1554,11658,424
3977333714,4/21/2016,6093,4.079999924,1397,6093,426
3977333714,4/22/2016,8911,5.960000038,1481,8911,482
3977333714,4/23/2016,12058,8.069999695,1638,12058,418
3977333714,4/24/2016,14112,10,1655,14112,455
3977333714,4/25/2016,11177,8.479999542,1570,11177,491
3977333714,4/26/2016,11388,7.619999886,1551,11388,462
3977333714,4/27/2016,7193,5.039999962,1377,7193,334
3977333714,4/28/2016,7114,4.880000114,1407,7114,569
3977333714,4/29/2016,10645,7.75,1545,10645,497
3977333714,4/30/2016,13238,9.199999809,1650,13238,481
3977333714,05-01-16,10414,7.070000172,1501,10414,480
3977333714,05-02-16,16520,11.05000019,1760,16520,535
3977333714,05-03-16,14335,9.590000153,1710,14335,82
3977333714,05-04-16,13559,9.43999958,1628,13559,61
3977333714,05-05-16,12312,8.579999924,1618,12312,525
3977333714,05-06-16,11677,8.279999733,1590,11677,465
3977333714,05-07-16,11550,7.730000019,1574,11550,476
3977333714,05-08-16,13585,9.090000153,1633,13585,386
3977333714,05-09-16,14687,10.07999992,1667,14687,483
3977333714,05-10-16,13072,8.779999733,1630,13072,502
3977333714,05-11-16,746,0.5,52,746,411
4020332650,04-12-16,8539,6.119999886,3654,8539,448
4020332650,4/13/2016,0,0,1981,0,704
4020332650,4/14/2016,108,0.079999998,2011,108,447
4020332650,4/15/2016,1882,1.350000024,2951,1882,500
4020332650,4/16/2016,1982,1.419999957,3051,1982,479
4020332650,4/17/2016,16,0.01,1990,16,367
4020332650,4/18/2016,62,0.039999999,1995,62,489
4020332650,4/19/2016,0,0,1980,0,407
4020332650,4/20/2016,0,0,1980,0,459
4020332650,4/21/2016,0,0,1980,0,461
4020332650,4/22/2016,0,0,1980,0,436
4020332650,4/23/2016,0,0,1980,0,333
4020332650,4/24/2016,0,0,1980,0,548
4020332650,4/25/2016,0,0,1980,0,510
4020332650,4/26/2016,0,0,1980,0,438
4020332650,4/27/2016,0,0,1980,0,463
4020332650,4/28/2016,0,0,1980,0,457
4020332650,4/29/2016,0,0,1980,0,493
4020332650,4/30/2016,0,0,1980,0,337
4020332650,05-01-16,0,0,1980,0,75
4020332650,05-02-16,475,0.340000004,2207,475,356
4020332650,05-03-16,4496,3.220000029,2828,4496,487
4020332650,05-04-16,10252,7.349999905,3879,10252,455
4020332650,05-05-16,11728,8.430000305,3429,11728,533
4020332650,05-06-16,4369,3.130000114,2704,4369,689
4020332650,05-07-16,6132,4.400000095,2975,6132,591
4020332650,05-08-16,5862,4.199999809,3089,5862,451
4020332650,05-09-16,4556,3.269999981,2785,4556,421
4020332650,05-10-16,5546,3.980000019,2926,5546,409
4020332650,05-11-16,3689,2.650000095,2645,3689,417
4020332650,05-12-16,590,0.419999987,1120,590,469
4057192912,04-12-16,5394,4.03000021,2286,5394,591
4057192912,4/13/2016,5974,4.46999979,2306,5974,492
4057192912,4/14/2016,0,0,1776,0,402
4057192912,4/15/2016,3984,2.950000048,1527,3984,402
4319703577,04-12-16,7753,5.199999809,2115,7753,584
4319703577,4/13/2016,8204,5.5,2135,8204,600
4319703577,4/14/2016,10210,6.880000114,2302,10210,556
4319703577,4/15/2016,5664,3.799999952,1985,5664,562
4319703577,4/16/2016,4744,3.180000067,1884,4744,555
4319703577,4/17/2016,29,0.02,1464,29,539
4319703577,4/18/2016,2276,1.549999952,1632,2276,385
4319703577,4/19/2016,8925,5.989999771,2200,8925,429
4319703577,4/20/2016,8954,6.010000229,2220,8954,477
4319703577,4/21/2016,3702,2.480000019,1792,3702,417
4319703577,4/22/2016,4500,3.019999981,1886,4500,355
4319703577,4/23/2016,4935,3.309999943,1945,4935,513
4319703577,4/24/2016,4081,2.74000001,1880,4081,606
4319703577,4/25/2016,9259,6.210000038,2314,9259,399
4319703577,4/26/2016,9899,6.639999866,2236,9899,391
4319703577,4/27/2016,10780,7.230000019,2324,10780,387
4319703577,4/28/2016,10817,7.28000021,2367,10817,546
4319703577,4/29/2016,7990,5.360000134,2175,7990,493
4319703577,4/30/2016,8221,5.519999981,2092,8221,552
4319703577,05-01-16,1251,0.839999974,1593,1251,503
4319703577,05-02-16,9261,6.239999771,2270,9261,377
4319703577,05-03-16,9648,6.46999979,2235,9648,547
4319703577,05-04-16,10429,7.019999981,2282,10429,407
4319703577,05-05-16,13658,9.489999771,2530,13658,360
4319703577,05-06-16,9524,6.420000076,2266,9524,428
4319703577,05-07-16,7937,5.329999924,2158,7937,416
4319703577,05-08-16,3672,2.460000038,1792,3672,406
4319703577,05-09-16,10378,6.960000038,2345,10378,360
4319703577,05-10-16,9487,6.369999886,2260,9487,527
4319703577,05-11-16,9129,6.130000114,2232,9129,423
4319703577,05-12-16,17,0.01,257,17,545
4388161847,04-12-16,10122,7.78000021,2955,10122,463
4388161847,4/13/2016,10993,8.449999809,3092,10993,
4388161847,4/14/2016,8863,6.820000172,2998,8863,
4388161847,4/15/2016,8758,6.730000019,3066,8758,
4388161847,4/16/2016,6580,5.059999943,3073,6580,
4388161847,4/17/2016,4660,3.579999924,2572,4660,
4388161847,4/18/2016,11009,9.100000381,3274,11009,
4388161847,4/19/2016,10181,7.829999924,3015,10181,
4388161847,4/20/2016,10553,8.119999886,3083,10553,
4388161847,4/21/2016,10055,7.730000019,3069,10055,
4388161847,4/22/2016,12139,9.340000153,3544,12139,
4388161847,4/23/2016,13236,10.18000031,3306,13236,
4388161847,4/24/2016,10243,7.880000114,2885,10243,
4388161847,4/25/2016,12961,9.970000267,3288,12961,
4388161847,4/26/2016,9461,7.28000021,2929,9461,
4388161847,4/27/2016,11193,8.609999657,3074,11193,
4388161847,4/28/2016,10074,7.75,2969,10074,
4388161847,4/29/2016,9232,7.099999905,2979,9232,
4388161847,4/30/2016,12533,9.640000343,3283,12533,
4388161847,05-01-16,10255,7.889999866,2926,10255,
4388161847,05-02-16,10096,8.399999619,3147,10096,
4388161847,05-03-16,12727,9.789999962,3290,12727,
4388161847,05-04-16,12375,9.520000458,3162,12375,
4388161847,05-05-16,9603,7.380000114,2899,9603,
4388161847,05-06-16,13175,10.13000011,3425,13175,
4388161847,05-07-16,22770,17.54000092,4022,22770,
4388161847,05-08-16,17298,14.38000011,3934,17298,
4388161847,05-09-16,10218,7.860000134,3013,10218,
4388161847,05-10-16,10299,7.920000076,3061,10299,
4388161847,05-11-16,10201,7.840000153,2954,10201,
4388161847,05-12-16,3369,2.589999914,1623,3369,
4445114986,04-12-16,3276,2.200000048,2113,3276,
4445114986,4/13/2016,2961,1.99000001,2095,2961,
4445114986,4/14/2016,3974,2.670000076,2194,3974,
4445114986,4/15/2016,7198,4.829999924,2496,7198,
4445114986,4/16/2016,3945,2.650000095,2180,3945,
4445114986,4/17/2016,2268,1.519999981,1933,2268,
4445114986,4/18/2016,6155,4.239999771,2248,6155,
4445114986,4/19/2016,2064,1.389999986,1954,2064,
4445114986,4/20/2016,2072,1.389999986,1974,2072,
4445114986,4/21/2016,3809,2.559999943,2150,3809,
4445114986,4/22/2016,6831,4.579999924,2432,6831,
4445114986,4/23/2016,4363,2.930000067,2149,4363,
4445114986,4/24/2016,5002,3.359999895,2247,5002,
4445114986,4/25/2016,3385,2.269999981,2070,3385,
4445114986,4/26/2016,6326,4.409999847,2291,6326,
4445114986,4/27/2016,7243,5.03000021,2361,7243,
4445114986,4/28/2016,4493,3.00999999,2203,4493,
4445114986,4/29/2016,4676,3.140000105,2196,4676,
4445114986,4/30/2016,6222,4.179999828,2363,6222,
4445114986,05-01-16,5232,3.50999999,2246,5232,
4445114986,05-02-16,6910,4.75,2336,6910,
4445114986,05-03-16,7502,5.179999828,2421,7502,
4445114986,05-04-16,2923,1.960000038,2070,2923,
4445114986,05-05-16,3800,2.549999952,2120,3800,
4445114986,05-06-16,4514,3.029999971,2211,4514,
4445114986,05-07-16,5183,3.589999914,2123,5183,
4445114986,05-08-16,7303,4.900000095,2423,7303,
4445114986,05-09-16,5275,3.539999962,2281,5275,
4445114986,05-10-16,3915,2.630000114,2181,3915,
4445114986,05-11-16,9105,6.110000134,2499,9105,
4445114986,05-12-16,768,0.519999981,1212,768,
4558609924,04-12-16,5135,3.390000105,1909,5135,
4558609924,4/13/2016,4978,3.289999962,1722,4978,
4558609924,4/14/2016,6799,4.489999771,1922,6799,
4558609924,4/15/2016,7795,5.150000095,2121,7795,
4558609924,4/16/2016,7289,4.820000172,1997,7289,
4558609924,4/17/2016,9634,6.400000095,2117,9634,
4558609924,4/18/2016,8940,5.909999847,2116,8940,
4558609924,4/19/2016,5401,3.569999933,1876,5401,
4558609924,4/20/2016,4803,3.170000076,1788,4803,
4558609924,4/21/2016,13743,9.079999924,2486,13743,
4558609924,4/22/2016,9601,6.349999905,2094,9601,
4558609924,4/23/2016,6890,4.550000191,2085,6890,
4558609924,4/24/2016,8563,5.659999847,2173,8563,
4558609924,4/25/2016,8095,5.349999905,2225,8095,
4558609924,4/26/2016,9148,6.050000191,2223,9148,
4558609924,4/27/2016,9557,6.320000172,2098,9557,
4558609924,4/28/2016,9451,6.25,2185,9451,
4558609924,4/29/2016,7833,5.179999828,1918,7833,
4558609924,4/30/2016,10319,6.820000172,2105,10319,
4558609924,05-01-16,3428,2.269999981,1692,3428,
4558609924,05-02-16,7891,5.21999979,2066,7891,
4558609924,05-03-16,5267,3.480000019,1953,5267,
4558609924,05-04-16,5232,3.460000038,1842,5232,
4558609924,05-05-16,10611,7.010000229,2262,10611,
4558609924,05-06-16,3755,2.480000019,1722,3755,
4558609924,05-07-16,8237,5.440000057,1973,8237,
4558609924,05-08-16,6543,4.329999924,2666,6543,
4558609924,05-09-16,11451,7.570000172,2223,11451,
4558609924,05-10-16,6435,4.25,1889,6435,
4558609924,05-11-16,9108,6.019999981,2131,9108,
4558609924,05-12-16,6307,4.170000076,1452,6307,
4702921684,04-12-16,7213,5.880000114,2947,7213,
4702921684,4/13/2016,6877,5.579999924,2898,6877,
4702921684,4/14/2016,7860,6.369999886,2984,7860,
4702921684,4/15/2016,6506,5.28000021,2896,6506,
4702921684,4/16/2016,11140,9.029999733,3328,11140,
4702921684,4/17/2016,12692,10.28999996,3394,12692,
4702921684,4/18/2016,9105,7.380000114,3013,9105,
4702921684,4/19/2016,6708,5.440000057,2812,6708,
4702921684,4/20/2016,8793,7.130000114,3061,8793,
4702921684,4/21/2016,6530,5.300000191,2729,6530,
4702921684,4/22/2016,1664,1.350000024,2241,1664,
4702921684,4/23/2016,15126,12.27000046,3691,15126,
4702921684,4/24/2016,15050,12.22000027,3538,15050,
4702921684,4/25/2016,9167,7.429999828,3064,9167,
4702921684,4/26/2016,6108,4.949999809,2784,6108,
4702921684,4/27/2016,7047,5.71999979,2908,7047,
4702921684,4/28/2016,9023,7.320000172,3033,9023,
4702921684,4/29/2016,9930,8.050000191,3165,9930,
4702921684,4/30/2016,10144,8.229999542,3115,10144,
4702921684,05-01-16,0,0,2017,0,
4702921684,05-02-16,7245,5.920000076,2859,7245,
4702921684,05-03-16,9454,7.670000076,3145,9454,
4702921684,05-04-16,8161,6.619999886,3004,8161,
4702921684,05-05-16,8614,6.989999771,3006,8614,
4702921684,05-06-16,6943,5.630000114,2859,6943,
4702921684,05-07-16,14370,11.64999962,3683,14370,
4702921684,05-08-16,12857,10.43000031,3287,12857,
4702921684,05-09-16,8232,6.679999828,2990,8232,
4702921684,05-10-16,10613,8.609999657,3172,10613,
4702921684,05-11-16,9810,7.960000038,3069,9810,
4702921684,05-12-16,2752,2.230000019,1240,2752,
5553957443,04-12-16,11596,7.570000172,2026,11596,
5553957443,4/13/2016,4832,3.160000086,1718,4832,
5553957443,4/14/2016,17022,11.11999989,2324,17022,
5553957443,4/15/2016,16556,10.85999966,2254,16556,
5553957443,4/16/2016,5771,3.769999981,1831,5771,
5553957443,4/17/2016,655,0.430000007,1397,655,
5553957443,4/18/2016,3727,2.430000067,1683,3727,
5553957443,4/19/2016,15482,10.10999966,2284,15482,
5553957443,4/20/2016,2713,1.769999981,1570,2713,
5553957443,4/21/2016,12346,8.06000042,2066,12346,
5553957443,4/22/2016,11682,7.630000114,2105,11682,
5553957443,4/23/2016,4112,2.690000057,1776,4112,
5553957443,4/24/2016,1807,1.179999948,1507,1807,
5553957443,4/25/2016,10946,7.190000057,2033,10946,
5553957443,4/26/2016,11886,7.760000229,2093,11886,
5553957443,4/27/2016,10538,6.880000114,1922,10538,
5553957443,4/28/2016,11393,7.630000114,1999,11393,
5553957443,4/29/2016,12764,8.329999924,2169,12764,
5553957443,4/30/2016,1202,0.779999971,1463,1202,
5553957443,05-01-16,5164,3.369999886,1747,5164,
5553957443,05-02-16,9769,6.380000114,1996,9769,
5553957443,05-03-16,12848,8.390000343,2116,12848,
5553957443,05-04-16,4249,2.769999981,1698,4249,
5553957443,05-05-16,14331,9.510000229,2156,14331,
5553957443,05-06-16,9632,6.289999962,1916,9632,
5553957443,05-07-16,1868,1.220000029,1494,1868,
5553957443,05-08-16,6083,4,1762,6083,
5553957443,05-09-16,11611,7.579999924,2272,11611,
5553957443,05-10-16,16358,10.71000004,2335,16358,
5553957443,05-11-16,4926,3.220000029,1693,4926,
5553957443,05-12-16,3121,2.039999962,741,3121,
5577150313,04-12-16,8135,6.079999924,3405,8135,
5577150313,4/13/2016,5077,3.789999962,2551,5077,
5577150313,4/14/2016,8596,6.420000076,4022,8596,
5577150313,4/15/2016,12087,9.079999924,4005,12087,
5577150313,4/16/2016,14269,10.65999985,4274,14269,
5577150313,4/17/2016,12231,9.140000343,4552,12231,
5577150313,4/18/2016,9893,7.389999866,3625,9893,
5577150313,4/19/2016,12574,9.420000076,3501,12574,
5577150313,4/20/2016,8330,6.21999979,3192,8330,
5577150313,4/21/2016,10830,8.090000153,4018,10830,
5577150313,4/22/2016,9172,6.849999905,3329,9172,
5577150313,4/23/2016,7638,5.710000038,3152,7638,
5577150313,4/24/2016,15764,11.77999973,4392,15764,
5577150313,4/25/2016,6393,4.78000021,3374,6393,
5577150313,4/26/2016,5325,3.980000019,3088,5325,
5577150313,4/27/2016,6805,5.139999866,3294,6805,
5577150313,4/28/2016,9841,7.429999828,3580,9841,
5577150313,4/29/2016,7924,5.920000076,3544,7924,
5577150313,4/30/2016,12363,9.239999771,4501,12363,
5577150313,05-01-16,13368,9.989999771,4546,13368,
5577150313,05-02-16,7439,5.559999943,3014,7439,
5577150313,05-03-16,11045,8.25,3795,11045,
5577150313,05-04-16,5206,3.890000105,2755,5206,
5577150313,05-05-16,7550,5.639999866,3004,7550,
5577150313,05-06-16,4950,3.700000048,2643,4950,
5577150313,05-07-16,0,0,1819,0,
5577150313,05-08-16,0,0,1819,0,
5577150313,05-09-16,3421,2.559999943,2489,3421,
5577150313,05-10-16,8869,6.650000095,3841,8869,
5577150313,05-11-16,4038,3.039999962,1665,4038,
6117666160,04-12-16,0,0,1496,0,
6117666160,4/13/2016,0,0,1496,0,
6117666160,4/14/2016,0,0,1496,0,
6117666160,4/15/2016,14019,10.59000015,2865,14019,
6117666160,4/16/2016,14450,10.90999985,2828,14450,
6117666160,4/17/2016,7150,5.400000095,2225,7150,
6117666160,4/18/2016,5153,3.910000086,2018,5153,
6117666160,4/19/2016,11135,8.409999847,2606,11135,
6117666160,4/20/2016,10449,8.020000458,2536,10449,
6117666160,4/21/2016,19542,15.01000023,4900,19542,
6117666160,4/22/2016,8206,6.199999809,2409,8206,
6117666160,4/23/2016,11495,8.680000305,2651,11495,
6117666160,4/24/2016,7623,5.760000229,2305,7623,
6117666160,4/25/2016,0,0,1497,0,
6117666160,4/26/2016,9543,7.210000038,2450,9543,
6117666160,4/27/2016,9411,7.110000134,2576,9411,
6117666160,4/28/2016,3403,2.599999905,1879,3403,
6117666160,4/29/2016,9592,7.239999771,2560,9592,
6117666160,4/30/2016,6987,5.28000021,2275,6987,
6117666160,05-01-16,8915,6.730000019,2361,8915,
6117666160,05-02-16,4933,3.730000019,2044,4933,
6117666160,05-03-16,0,0,1496,0,
6117666160,05-04-16,2997,2.25999999,1902,2997,
6117666160,05-05-16,9799,7.400000095,2636,9799,
6117666160,05-06-16,3365,2.680000067,1838,3365,
6117666160,05-07-16,7336,5.539999962,2469,7336,
6117666160,05-08-16,7328,5.53000021,2250,7328,
6117666160,05-09-16,4477,3.380000114,1248,4477,
6290855005,04-12-16,4562,3.450000048,2560,4562,
6290855005,4/13/2016,7142,5.400000095,2905,7142,
6290855005,4/14/2016,7671,5.800000191,2952,7671,
6290855005,4/15/2016,9501,7.179999828,2896,9501,
6290855005,4/16/2016,8301,6.28000021,2783,8301,
6290855005,4/17/2016,7851,5.940000057,3171,7851,
6290855005,4/18/2016,6885,5.210000038,2766,6885,
6290855005,4/19/2016,7142,5.400000095,2839,7142,
6290855005,4/20/2016,6361,4.809999943,2701,6361,
6290855005,4/21/2016,0,0,2060,0,
6290855005,4/22/2016,6238,4.71999979,2796,6238,
6290855005,4/23/2016,0,0,2664,0,
6290855005,4/24/2016,5896,4.460000038,2703,5896,
6290855005,4/25/2016,7802,5.900000095,2771,7802,
6290855005,4/26/2016,0,0,2060,0,
6290855005,4/27/2016,5565,4.210000038,2743,5565,
6290855005,4/28/2016,5731,4.329999924,2687,5731,
6290855005,4/29/2016,0,0,2060,0,
6290855005,4/30/2016,6744,5.099999905,2843,6744,
6290855005,05-01-16,9837,7.440000057,3327,9837,
6290855005,05-02-16,6781,5.130000114,2725,6781,
6290855005,05-03-16,6047,4.570000172,2671,6047,
6290855005,05-04-16,5832,4.409999847,2718,5832,
6290855005,05-05-16,6339,4.789999962,2682,6339,
6290855005,05-06-16,6116,4.619999886,2806,6116,
6290855005,05-07-16,5510,4.170000076,2613,5510,
6290855005,05-08-16,7706,5.829999924,2712,7706,
6290855005,05-09-16,6277,4.75,2175,6277,
6290855005,05-10-16,0,0,0,0,
6775888955,04-12-16,0,0,1841,0,
6775888955,4/13/2016,4053,2.910000086,2400,4053,
6775888955,4/14/2016,5162,3.700000048,2507,5162,
6775888955,4/15/2016,1282,0.920000017,2127,1282,
6775888955,4/16/2016,4732,3.390000105,2225,4732,
6775888955,4/17/2016,2497,1.789999962,2067,2497,
6775888955,4/18/2016,8294,5.949999809,2798,8294,
6775888955,4/19/2016,0,0,1841,0,
6775888955,4/20/2016,10771,7.71999979,3727,10771,
6775888955,4/21/2016,0,0,1841,0,
6775888955,4/22/2016,637,0.460000008,1922,637,
6775888955,4/23/2016,0,0,1841,0,
6775888955,4/24/2016,2153,1.539999962,2053,2153,
6775888955,4/25/2016,6474,4.639999866,2484,6474,
6775888955,4/26/2016,7091,5.269999981,2584,7091,
6775888955,4/27/2016,0,0,1841,0,
6775888955,4/28/2016,703,0.5,1993,703,
6775888955,4/29/2016,0,0,1841,0,
6775888955,4/30/2016,2503,1.789999962,2280,2503,
6775888955,05-01-16,2487,1.779999971,2319,2487,
6775888955,05-02-16,0,0,1841,0,
6775888955,05-03-16,9,0.01,1843,9,
6775888955,05-04-16,0,0,1841,0,
6775888955,05-05-16,0,0,1841,0,
6775888955,05-06-16,4697,3.369999886,2496,4697,
6775888955,05-07-16,1967,1.409999967,1032,1967,
6962181067,04-12-16,10199,6.739999771,1994,10199,
6962181067,4/13/2016,5652,3.74000001,1718,5652,
6962181067,4/14/2016,1551,1.029999971,1466,1551,
6962181067,4/15/2016,5563,3.680000067,1756,5563,
6962181067,4/16/2016,13217,8.739999771,2173,13217,
6962181067,4/17/2016,10145,6.710000038,2027,10145,
6962181067,4/18/2016,11404,7.539999962,2039,11404,
6962181067,4/19/2016,10742,7.099999905,2046,10742,
6962181067,4/20/2016,13928,9.550000191,2174,13928,
6962181067,4/21/2016,11835,9.710000038,2179,11835,
6962181067,4/22/2016,10725,7.090000153,2086,10725,
6962181067,4/23/2016,20031,13.23999977,2571,20031,
6962181067,4/24/2016,5029,3.319999933,1705,5029,
6962181067,4/25/2016,13239,9.270000458,2194,13239,
6962181067,4/26/2016,10433,6.900000095,2012,10433,
6962181067,4/27/2016,10320,6.820000172,2034,10320,
6962181067,4/28/2016,12627,8.350000381,2182,12627,
6962181067,4/29/2016,10762,7.110000134,2254,10762,
6962181067,4/30/2016,10081,6.659999847,2002,10081,
6962181067,05-01-16,5454,3.609999895,1740,5454,
6962181067,05-02-16,12912,8.539999962,2162,12912,
6962181067,05-03-16,12109,8.119999886,2072,12109,
6962181067,05-04-16,10147,6.710000038,2086,10147,
6962181067,05-05-16,10524,6.960000038,2066,10524,
6962181067,05-06-16,5908,3.910000086,1850,5908,
6962181067,05-07-16,6815,4.5,1947,6815,
6962181067,05-08-16,4188,2.769999981,1659,4188,
6962181067,05-09-16,12342,8.720000267,2105,12342,
6962181067,05-10-16,15448,10.21000004,2361,15448,
6962181067,05-11-16,6722,4.440000057,1855,6722,
6962181067,05-12-16,3587,2.369999886,928,3587,
7007744171,04-12-16,14172,10.28999996,2937,14172,
7007744171,4/13/2016,12862,9.649999619,2742,12862,
7007744171,4/14/2016,11179,8.239999771,2668,11179,
7007744171,4/15/2016,5273,3.529999971,2098,5273,
7007744171,4/16/2016,4631,3.099999905,2076,4631,
7007744171,4/17/2016,8059,5.389999866,2383,8059,
7007744171,4/18/2016,14816,10.97999954,2832,14816,
7007744171,4/19/2016,14194,10.47999954,2812,14194,
7007744171,4/20/2016,15566,11.31000042,3096,15566,
7007744171,4/21/2016,13744,9.18999958,2763,13744,
7007744171,4/22/2016,15299,10.23999977,2889,15299,
7007744171,4/23/2016,8093,5.409999847,2284,8093,
7007744171,4/24/2016,11085,7.420000076,2667,11085,
7007744171,4/25/2016,18229,13.34000015,3055,18229,
7007744171,4/26/2016,15090,10.10000038,2939,15090,
7007744171,4/27/2016,13541,10.22000027,2830,13541,
7007744171,4/28/2016,15128,10.11999989,2836,15128,
7007744171,4/29/2016,20067,14.30000019,3180,20067,
7007744171,4/30/2016,3761,2.519999981,2051,3761,
7007744171,05-01-16,5600,3.75,2225,5600,
7007744171,05-02-16,13041,9.180000305,2642,13041,
7007744171,05-03-16,14510,10.86999989,2976,14510,
7007744171,05-04-16,0,0,1557,0,
7007744171,05-05-16,15010,11.10000038,2933,15010,
7007744171,05-06-16,11459,7.670000076,2553,11459,
7007744171,05-07-16,0,0,120,0,
7086361926,04-12-16,11317,8.409999847,2772,11317,
7086361926,4/13/2016,5813,3.619999886,2516,5813,
7086361926,4/14/2016,9123,6.119999886,2734,9123,
7086361926,4/15/2016,8585,5.670000076,2395,8585,
7086361926,4/16/2016,31,0.01,1635,31,
7086361926,4/17/2016,0,0,1629,0,
7086361926,4/18/2016,9827,6.710000038,2743,9827,
7086361926,4/19/2016,10688,7.289999962,2944,10688,
7086361926,4/20/2016,14365,10.64000034,2997,14365,
7086361926,4/21/2016,9469,6.179999828,2463,9469,
7086361926,4/22/2016,9753,6.53000021,2846,9753,
7086361926,4/23/2016,2817,1.809999943,1965,2817,
7086361926,4/24/2016,3520,2.160000086,2049,3520,
7086361926,4/25/2016,10091,6.820000172,2752,10091,
7086361926,4/26/2016,10387,7.070000172,2781,10387,
7086361926,4/27/2016,11107,8.340000153,2693,11107,
7086361926,4/28/2016,11584,7.800000191,2862,11584,
7086361926,4/29/2016,7881,4.949999809,2616,7881,
7086361926,4/30/2016,14560,9.409999847,2995,14560,
7086361926,05-01-16,12390,8.069999695,2730,12390,
7086361926,05-02-16,10052,6.809999943,2754,10052,
7086361926,05-03-16,10288,6.760000229,2754,10288,
7086361926,05-04-16,10988,8.31000042,2655,10988,
7086361926,05-05-16,8564,5.599999905,2386,8564,
7086361926,05-06-16,12461,8.380000114,2924,12461,
7086361926,05-07-16,12827,8.479999542,2739,12827,
7086361926,05-08-16,10677,7.099999905,2534,10677,
7086361926,05-09-16,13566,9.109999657,2960,13566,
7086361926,05-10-16,14433,10.78999996,2800,14433,
7086361926,05-11-16,9572,6.519999981,2735,9572,
7086361926,05-12-16,3789,2.559999943,1199,3789,
8053475328,04-12-16,18060,14.11999989,3186,18060,
8053475328,4/13/2016,16433,13.35000038,3140,16433,
8053475328,4/14/2016,20159,15.97000027,3411,20159,
8053475328,4/15/2016,20669,16.23999977,3410,20669,
8053475328,4/16/2016,14549,11.10999966,2867,14549,
8053475328,4/17/2016,18827,13.68999958,3213,18827,
8053475328,4/18/2016,17076,12.65999985,3133,17076,
8053475328,4/19/2016,15929,12.47999954,3114,15929,
8053475328,4/20/2016,15108,12.18999958,3043,15108,
8053475328,4/21/2016,16057,12.51000023,3103,16057,
8053475328,4/22/2016,10520,8.289999962,2655,10520,
8053475328,4/23/2016,22359,17.19000053,3554,22359,
8053475328,4/24/2016,22988,17.95000076,3577,22988,
8053475328,4/25/2016,20500,15.68999958,3403,20500,
8053475328,4/26/2016,12685,9.619999886,2846,12685,
8053475328,4/27/2016,12422,9.819999695,2852,12422,
8053475328,4/28/2016,15447,12.39999962,3062,15447,
8053475328,4/29/2016,12315,9.649999619,2794,12315,
8053475328,4/30/2016,7135,5.590000153,2408,7135,
8053475328,05-01-16,1170,0.850000024,1886,1170,
8053475328,05-02-16,1969,1.429999948,1988,1969,
8053475328,05-03-16,15484,11.89999962,3023,15484,
8053475328,05-04-16,14581,11.14999962,2918,14581,
8053475328,05-05-16,14990,11.51000023,2950,14990,
8053475328,05-06-16,13953,11,2859,13953,
8053475328,05-07-16,19769,15.67000008,3331,19769,
8053475328,05-08-16,22026,17.64999962,3589,22026,
8053475328,05-09-16,12465,9.380000114,2765,12465,
8053475328,05-10-16,14810,11.35999966,2926,14810,
8053475328,05-11-16,12209,9.399999619,2809,12209,
8053475328,05-12-16,4998,3.910000086,1505,4998,
8253242879,04-12-16,9033,7.159999847,2044,9033,
8253242879,4/13/2016,8053,6.099999905,1935,8053,
8253242879,4/14/2016,5234,3.460000038,1705,5234,
8253242879,4/15/2016,2672,1.769999981,1632,2672,
8253242879,4/16/2016,9256,6.139999866,1880,9256,
8253242879,4/17/2016,10204,7.909999847,2112,10204,
8253242879,4/18/2016,5151,3.480000019,1829,5151,
8253242879,4/19/2016,4212,2.779999971,1763,4212,
8253242879,4/20/2016,6466,4.269999981,1931,6466,
8253242879,4/21/2016,11268,8.56000042,2218,11268,
8253242879,4/22/2016,2824,1.870000005,1651,2824,
8253242879,4/23/2016,9282,6.260000229,2132,9282,
8253242879,4/24/2016,8905,7.130000114,1976,8905,
8253242879,4/25/2016,6829,4.510000229,1909,6829,
8253242879,4/26/2016,4562,3.039999962,1813,4562,
8253242879,4/27/2016,10232,8.180000305,2008,10232,
8253242879,4/28/2016,2718,1.799999952,1580,2718,
8253242879,4/29/2016,6260,4.260000229,1854,6260,
8253242879,4/30/2016,0,0,0,0,
8378563200,04-12-16,7626,6.050000191,3635,7626,
8378563200,4/13/2016,12386,9.819999695,4079,12386,
8378563200,4/14/2016,13318,10.56000042,4163,13318,
8378563200,4/15/2016,14461,11.47000027,3666,14461,
8378563200,4/16/2016,11207,8.890000343,3363,11207,
8378563200,4/17/2016,2132,1.690000057,2572,2132,
8378563200,4/18/2016,13630,10.81000042,4157,13630,
8378563200,4/19/2016,13070,10.35999966,4092,13070,
8378563200,4/20/2016,9388,7.440000057,3787,9388,
8378563200,4/21/2016,15148,12.01000023,4236,15148,
8378563200,4/22/2016,12200,9.670000076,4044,12200,
8378563200,4/23/2016,5709,4.53000021,2908,5709,
8378563200,4/24/2016,3703,2.940000057,2741,3703,
8378563200,4/25/2016,12405,9.840000153,4005,12405,
8378563200,4/26/2016,16208,12.85000038,3763,16208,
8378563200,4/27/2016,7359,5.840000153,3061,7359,
8378563200,4/28/2016,5417,4.300000191,2884,5417,
8378563200,4/29/2016,6175,4.900000095,2982,6175,
8378563200,4/30/2016,2946,2.339999914,2660,2946,
8378563200,05-01-16,11419,9.06000042,3369,11419,
8378563200,05-02-16,6064,4.809999943,3491,6064,
8378563200,05-03-16,8712,6.909999847,3784,8712,
8378563200,05-04-16,7875,6.239999771,3110,7875,
8378563200,05-05-16,8567,6.789999962,3783,8567,
8378563200,05-06-16,7045,5.590000153,3644,7045,
8378563200,05-07-16,4468,3.539999962,2799,4468,
8378563200,05-08-16,2943,2.329999924,2685,2943,
8378563200,05-09-16,8382,6.650000095,3721,8382,
8378563200,05-10-16,6582,5.21999979,3586,6582,
8378563200,05-11-16,9143,7.25,3788,9143,
8378563200,05-12-16,4561,3.619999886,1976,4561,
8583815059,04-12-16,5014,3.910000086,2650,5014,
8583815059,4/13/2016,5571,4.349999905,2654,5571,
8583815059,4/14/2016,3135,2.450000048,2443,3135,
8583815059,4/15/2016,3430,2.680000067,2505,3430,
8583815059,4/16/2016,5319,4.150000095,2693,5319,
8583815059,4/17/2016,3008,2.349999905,2439,3008,
8583815059,4/18/2016,3864,3.00999999,2536,3864,
8583815059,4/19/2016,5697,4.440000057,2668,5697,
8583815059,4/20/2016,5273,4.110000134,2647,5273,
8583815059,4/21/2016,8538,6.659999847,2883,8538,
8583815059,4/22/2016,8687,6.78000021,2944,8687,
8583815059,4/23/2016,9423,7.349999905,3012,9423,
8583815059,4/24/2016,8286,6.460000038,2889,8286,
8583815059,4/25/2016,4503,3.50999999,2547,4503,
8583815059,4/26/2016,10499,8.18999958,3093,10499,
8583815059,4/27/2016,12474,9.729999542,3142,12474,
8583815059,4/28/2016,6174,4.820000172,2757,6174,
8583815059,4/29/2016,15168,11.82999992,3513,15168,
8583815059,4/30/2016,10085,7.869999886,3164,10085,
8583815059,05-01-16,4512,3.519999981,2596,4512,
8583815059,05-02-16,8469,6.610000134,2894,8469,
8583815059,05-03-16,12015,9.369999886,3212,12015,
8583815059,05-04-16,3588,2.799999952,2516,3588,
8583815059,05-05-16,12427,9.68999958,3266,12427,
8583815059,05-06-16,5843,4.559999943,2683,5843,
8583815059,05-07-16,6117,4.769999981,2810,6117,
8583815059,05-08-16,9217,7.190000057,2940,9217,
8583815059,05-09-16,9877,7.699999809,2947,9877,
8583815059,05-10-16,8240,6.429999828,2846,8240,
8583815059,05-11-16,8701,6.789999962,2804,8701,
8583815059,05-12-16,0,0,0,0,
8792009665,04-12-16,2564,1.639999986,2044,2564,
8792009665,4/13/2016,1320,0.839999974,1934,1320,
8792009665,4/14/2016,1219,0.779999971,1963,1219,
8792009665,4/15/2016,2483,1.590000033,2009,2483,
8792009665,4/16/2016,244,0.159999996,1721,244,
8792009665,4/17/2016,0,0,1688,0,
8792009665,4/18/2016,0,0,1688,0,
8792009665,4/19/2016,0,0,1688,0,
8792009665,4/20/2016,3147,2.00999999,2188,3147,
8792009665,4/21/2016,144,0.090000004,1720,144,
8792009665,4/22/2016,4068,2.599999905,2419,4068,
8792009665,4/23/2016,5245,3.359999895,2748,5245,
8792009665,4/24/2016,400,0.25999999,1799,400,
8792009665,4/25/2016,0,0,1688,0,
8792009665,4/26/2016,1321,0.850000024,1928,1321,
8792009665,4/27/2016,1758,1.129999995,2067,1758,
8792009665,4/28/2016,6157,3.940000057,2780,6157,
8792009665,4/29/2016,8360,5.349999905,3101,8360,
8792009665,4/30/2016,7174,4.590000153,2896,7174,
8792009665,05-01-16,1619,1.039999962,1962,1619,
8792009665,05-02-16,1831,1.169999957,2015,1831,
8792009665,05-03-16,2421,1.549999952,2297,2421,
8792009665,05-04-16,2283,1.460000038,2067,2283,
8792009665,05-05-16,0,0,1688,0,
8792009665,05-06-16,0,0,1688,0,
8792009665,05-07-16,0,0,1688,0,
8792009665,05-08-16,0,0,1688,0,
8792009665,05-09-16,0,0,1688,0,
8792009665,05-10-16,0,0,57,0,
8877689391,04-12-16,23186,20.39999962,3921,23186,
8877689391,4/13/2016,15337,9.579999924,3566,15337,
8877689391,4/14/2016,21129,18.97999954,3793,21129,
8877689391,4/15/2016,13422,7.170000076,3934,13422,
8877689391,4/16/2016,29326,25.29000092,4547,29326,
8877689391,4/17/2016,15118,8.869999886,3545,15118,
8877689391,4/18/2016,11423,8.670000076,2761,11423,
8877689391,4/19/2016,18785,17.39999962,3676,18785,
8877689391,4/20/2016,19948,18.11000061,3679,19948,
8877689391,4/21/2016,19377,17.62000084,3659,19377,
8877689391,4/22/2016,18258,16.30999947,3427,18258,
8877689391,4/23/2016,11200,7.429999828,3891,11200,
8877689391,4/24/2016,16674,15.73999977,3455,16674,
8877689391,4/25/2016,12986,8.739999771,3802,12986,
8877689391,4/26/2016,11101,8.430000305,2860,11101,
8877689391,4/27/2016,23629,20.64999962,3808,23629,
8877689391,4/28/2016,14890,11.30000019,3060,14890,
8877689391,4/29/2016,9733,7.389999866,2698,9733,
8877689391,4/30/2016,27745,26.71999931,4398,27745,
8877689391,05-01-16,10930,8.319999695,2786,10930,
8877689391,05-02-16,4790,3.640000105,2189,4790,
8877689391,05-03-16,10818,8.210000038,2817,10818,
8877689391,05-04-16,18193,16.29999924,3477,18193,
8877689391,05-05-16,14055,10.67000008,3052,14055,
8877689391,05-06-16,21727,19.34000015,4015,21727,
8877689391,05-07-16,12332,8.130000114,4142,12332,
8877689391,05-08-16,10686,8.109999657,2847,10686,
8877689391,05-09-16,20226,18.25,3710,20226,
8877689391,05-10-16,10733,8.149999619,2832,10733,
8877689391,05-11-16,21420,19.55999947,3832,21420,
8877689391,05-12-16,8064,6.119999886,1849,8064,
